matricula,first_name,last_name,email,gender,profissao,salario
1,Cletis,Longhorne,clonghorne0@umn.edu,Male,Administrative Assistant IV,$3167.99
2,Brigham,Deaville,bdeaville1@amazon.co.uk,Male,Chemical Engineer,$9922.27
3,Janeva,,jheinlein2@nih.gov,Bigender,Staff Scientist,$2626.98
4,Maynard,Stawell,mstawell3@4shared.com,Male,Clinical Specialist,$3211.06
5,Cosette,Cullabine,ccullabine4@ted.com,Female,Project Manager,$4864.50
6,Caz,Tarplee,ctarplee5@cbc.ca,Male,Cost Accountant,$5212.01
7,Lenee,Peracco,lperacco6@ask.com,Female,Social Worker,$17102.76
8,Blair,Esome,besome7@behance.net,Female,Administrative Officer,$15199.50
9,Reiko,Bashford,rbashford8@usgs.gov,Female,Programmer II,$4471.14
10,Alvis,Boyd,aboyd9@ucoz.com,Non-binary,Health Coach I,$15443.30
11,Sheilah,Tremayne,stremaynea@etsy.com,Female,VP Product Management,$9142.17
12,Nicolette,Hamson,,Female,Assistant Professor,$17568.62
13,Kary,Brigginshaw,kbrigginshawc@jigsy.com,Female,Assistant Media Planner,$6868.28
14,Ric,Gartside,rgartsided@tinyurl.com,Male,Community Outreach Specialist,$2736.14
15,Valentine,Yukhin,vyukhine@gnu.org,Genderfluid,Accountant II,$3931.96
16,Fiona,Ponton,fpontonf@blog.com,Female,Mechanical Systems Engineer,$14331.13
17,Hadria,Clemenzi,hclemenzig@cmu.edu,Female,Desktop Support Technician,$10318.95
18,Rouvin,Helgass,rhelgassh@rediff.com,Male,Structural Analysis Engineer,$4061.56
19,Chelsey,Ayrton,cayrtoni@dagondesign.com,Female,Marketing Assistant,$7243.66
20,Carlie,Wyne,,Male,Software Test Engineer III,$7546.26
21,Marmaduke,Bussen,mbussenk@aboutads.info,Male,Payment Adjustment Coordinator,$6879.66
22,Sigmund,Overal,soverall@feedburner.com,Male,Research Assistant IV,$2939.30
23,Nancey,Dogg,ndoggm@github.io,Female,Human Resources Manager,$3181.73
24,Moss,Dawton,mdawtonn@unicef.org,Male,Quality Control Specialist,$10327.00
25,Ruy,Snaden,rsnadeno@fotki.com,Male,Senior Sales Associate,$11309.05
26,Carlo,Rushbrooke,crushbrookep@lulu.com,Male,Physical Therapy Assistant,$14091.48
27,Harold,Byham,hbyhamq@nsw.gov.au,Polygender,Help Desk Operator,$13140.34
28,Blythe,,bdyer@skype.com,Female,Marketing Manager,$13135.84
29,Cesaro,Trundle,ctrundles@nhs.uk,Male,Web Developer IV,$4224.15
30,Jae,Woolston,jwoolstont@google.nl,Male,Chief Design Engineer,$1654.55
31,Farra,Sweetmore,fsweetmoreu@nba.com,Female,Software Engineer IV,$3118.31
32,Barny,Trelevan,btrelevanv@plala.or.jp,Male,Desktop Support Technician,$1818.78
33,Carolina,Barnfield,cbarnfieldw@dailymotion.com,Female,Sales Representative,$12863.25
34,Mada,Tweed,mtweedx@fastcompany.com,Female,Programmer Analyst III,$11632.93
35,Minerva,MacTerlagh,,Female,Recruiting Manager,$2038.72
36,Finn,Beeble,fbeeblez@wikimedia.org,Male,Junior Executive,$1740.89
37,Farlie,Vowels,fvowels10@tmall.com,Male,Professor,$14990.80
38,Nadya,Seys,nseys11@desdev.cn,Female,Occupational Therapist,$10387.91
39,Henrik,Britland,hbritland12@netlog.com,Male,Recruiter,$8315.51
40,Monica,Leckey,mleckey13@soundcloud.com,Female,Account Executive,$9036.07
41,Annabel,Tanzer,atanzer14@ustream.tv,Female,Sales Representative,$13388.75
42,Brose,Ullock,bullock15@parallels.com,Male,Chief Design Engineer,$17095.14
43,Nanine,Blincow,nblincow16@indiegogo.com,Female,Food Chemist,$4275.83
44,Felike,Hanselman,fhanselman17@bing.com,Genderqueer,Graphic Designer,$14515.42
45,Neysa,Hepher,nhepher18@wired.com,Polygender,Media Manager II,$1445.24
46,Selena,Lupson,slupson19@ox.ac.uk,Female,Internal Auditor,$8841.31
47,Luz,Ebbetts,lebbetts1a@slashdot.org,Female,Graphic Designer,$13231.37
48,Juieta,Coghlan,jcoghlan1b@boston.com,Female,Statistician IV,$3248.24
49,Kaia,Tegeller,ktegeller1c@umn.edu,Female,Administrative Assistant I,$11054.38
50,Hilde,Probet,hprobet1d@earthlink.net,Female,Analog Circuit Design manager,$17915.15
51,Polly,Deplacido,pdeplacido1e@feedburner.com,Female,Research Nurse,$14777.29
52,Jeddy,Goss,jgoss1f@g.co,Male,Nurse,$16227.09
53,Iver,Scurman,,Male,Marketing Manager,$14918.22
54,Darcy,Armor,darmor1h@marriott.com,Male,Teacher,$15905.73
55,Rudd,O'Cullinane,,Male,Structural Analysis Engineer,$1863.85
56,Kare,Izachik,,Female,Registered Nurse,$6674.50
57,Reeva,,rriall1k@ask.com,Female,Structural Analysis Engineer,$2181.06
58,Alaine,Yakubowicz,ayakubowicz1l@huffingtonpost.com,Female,Engineer I,$15346.10
59,Vitia,Jouaneton,vjouaneton1m@canalblog.com,Female,Nuclear Power Engineer,$14184.55
60,Rachelle,Hamson,rhamson1n@cam.ac.uk,Female,Database Administrator III,$7306.10
61,Reena,McCullock,rmccullock1o@ibm.com,Female,Dental Hygienist,$3262.37
62,Gil,Burle,gburle1p@infoseek.co.jp,Male,Quality Control Specialist,$12778.73
63,Raimondo,Laverock,,Genderqueer,Graphic Designer,$5356.25
64,Sibylla,Billie,,Female,Accountant I,$5492.30
65,Granger,Balshaw,gbalshaw1s@issuu.com,Male,Web Developer III,$16333.21
66,Alyson,Cunnane,acunnane1t@i2i.jp,Female,Cost Accountant,$3368.66
67,Baxter,Arnaudin,barnaudin1u@oracle.com,Non-binary,Payment Adjustment Coordinator,$8585.05
68,Walden,Chong,wchong1v@ucla.edu,Male,Senior Editor,$15039.91
69,Ashia,Fabri,afabri1w@scientificamerican.com,Female,Structural Engineer,$8785.96
70,Tabatha,Longthorne,tlongthorne1x@goo.gl,Polygender,Professor,$9473.92
71,Janifer,Risborough,jrisborough1y@reuters.com,Female,Administrative Officer,$14870.89
72,Juieta,Tolomelli,jtolomelli1z@craigslist.org,Female,Data Coordinator,$14852.59
73,Berti,Pudsall,bpudsall20@constantcontact.com,Female,Payment Adjustment Coordinator,$4393.39
74,Margeaux,Woloschin,mwoloschin21@oaic.gov.au,Female,Design Engineer,$8272.49
75,Juliann,Frend,jfrend22@usa.gov,Female,Senior Developer,$6741.62
76,Isa,Reedyhough,ireedyhough23@cnn.com,Male,Registered Nurse,$14358.78
77,Andy,Snowball,asnowball24@indiatimes.com,Female,Office Assistant IV,$17086.51
78,Gustie,Dymoke,gdymoke25@statcounter.com,Female,VP Product Management,$12312.04
79,Olga,Stittle,ostittle26@answers.com,Female,Assistant Professor,$12689.71
80,Rafaela,Raubenheim,rraubenheim27@howstuffworks.com,Female,Programmer Analyst I,$3366.69
81,Nolly,Elia,nelia28@nydailynews.com,Male,Human Resources Assistant I,$2795.98
82,Pierson,Markovich,pmarkovich29@howstuffworks.com,Male,Desktop Support Technician,$11967.25
83,Omero,Bowller,obowller2a@toplist.cz,Male,Staff Scientist,$3285.66
84,Renae,Urion,rurion2b@technorati.com,Female,Product Engineer,$14242.16
85,Cindie,,cjansens2c@disqus.com,Female,Chemical Engineer,$12964.84
86,Cori,Brignell,cbrignell2d@auda.org.au,Male,Safety Technician I,$10223.54
87,Janie,Matteris,jmatteris2e@redcross.org,Female,Senior Sales Associate,$7935.45
88,Caz,Fisby,cfisby2f@dot.gov,Male,Software Test Engineer III,$14036.40
89,Christos,Cardoso,ccardoso2g@narod.ru,Male,Senior Quality Engineer,$14526.62
90,Rubia,McTerry,rmcterry2h@google.de,Female,Sales Associate,$17473.02
91,Ezekiel,McKevany,,Polygender,Health Coach II,$7807.98
92,Angie,Jindracek,ajindracek2j@artisteer.com,Male,Accounting Assistant III,$14669.99
93,Currey,,ciorizzi2k@wired.com,Genderqueer,Budget/Accounting Analyst III,$7586.18
94,Kellie,Webb,kwebb2l@blogspot.com,Female,Office Assistant II,$18834.61
95,Jaquelyn,Damrell,jdamrell2m@cmu.edu,Female,Senior Financial Analyst,$12998.79
96,Tobi,Bugge,tbugge2n@bing.com,Female,Software Consultant,$9041.08
97,Dasha,Marnes,dmarnes2o@columbia.edu,Female,Geological Engineer,$12713.37
98,Prince,Micheau,pmicheau2p@yandex.ru,Bigender,Chief Design Engineer,$13116.02
99,Sibley,Hablot,shablot2q@va.gov,Female,Editor,$13496.04
100,Paige,Earry,pearry2r@ezinearticles.com,Non-binary,Business Systems Analyst,$18637.46
101,Cchaddie,,,Male,Staff Scientist,$9042.45
102,Shanie,Anker,sanker2t@diigo.com,Female,Database Administrator IV,$6172.26
103,Eolanda,Cutchie,ecutchie2u@princeton.edu,Female,Administrative Officer,$17144.17
104,Hugo,Jakubowsky,hjakubowsky2v@cnn.com,Male,Paralegal,$16933.43
105,Mahmud,Kelloway,mkelloway2w@wikipedia.org,Male,Human Resources Assistant II,$3811.24
106,Zena,Chinge de Hals,zchingedehals2x@canalblog.com,Female,Quality Engineer,$15510.16
107,Flin,Brewerton,fbrewerton2y@prnewswire.com,Male,Actuary,$13035.67
108,Idell,Pigeram,ipigeram2z@marriott.com,Female,Engineer III,$6424.34
109,Rodrigo,Schulter,rschulter30@list-manage.com,Male,Web Designer II,$9797.41
110,Karie,Grimsey,kgrimsey31@discovery.com,Female,Human Resources Assistant II,$12848.88
111,Cordy,Nottingham,cnottingham32@technorati.com,Male,Financial Advisor,$8967.15
112,Kizzie,Wyon,kwyon33@thetimes.co.uk,Female,Quality Control Specialist,$7993.80
113,Georgiana,Layburn,glayburn34@yahoo.co.jp,Female,Staff Accountant II,$3165.05
114,Lindie,Garaghan,lgaraghan35@yale.edu,Bigender,Chemical Engineer,$15053.57
115,Timmy,Cabrara,tcabrara36@reverbnation.com,Male,Data Coordinator,$16340.87
116,Birgitta,Aldrich,baldrich37@noaa.gov,Genderqueer,Engineer IV,$4266.69
117,Laina,Archibald,larchibald38@cargocollective.com,Female,Civil Engineer,$5550.63
118,Tillie,Allaway,tallaway39@bravesites.com,Female,Programmer Analyst IV,$13565.04
119,Rodrique,Rue,,Male,Senior Editor,$6520.09
120,Romeo,Bamforth,rbamforth3b@ft.com,Male,Accounting Assistant I,$19149.24
121,Natty,,ndillamore3c@qq.com,Polygender,Statistician II,$11218.44
122,Muriel,,mhouten3d@lycos.com,Female,Software Consultant,$8761.89
123,Jeanie,Ghirardi,jghirardi3e@amazon.co.uk,Female,Professor,$12936.38
124,Rosetta,Auchinleck,rauchinleck3f@chicagotribune.com,Female,Teacher,$15730.61
125,Cammi,Yearby,cyearby3g@furl.net,Female,Research Associate,$4290.39
126,Nahum,Stirland,nstirland3h@goodreads.com,Male,Biostatistician IV,$2801.86
127,Devina,Ferriman,dferriman3i@un.org,Female,Editor,$11175.45
128,Luelle,Cavet,lcavet3j@edublogs.org,Female,Registered Nurse,$17210.47
129,Emanuele,Lawrence,elawrence3k@craigslist.org,Male,Chief Design Engineer,$7709.44
130,Dewey,,dbentzen3l@feedburner.com,Male,Safety Technician IV,$14836.55
131,Gil,Brennen,gbrennen3m@yahoo.com,Male,Statistician I,$5241.43
132,Ritchie,Mico,rmico3n@csmonitor.com,Male,Recruiter,$5687.82
133,Sallee,Stevens,sstevens3o@google.co.jp,Female,Staff Accountant II,$4416.39
134,Amandie,Ruhben,aruhben3p@unc.edu,Female,General Manager,$9240.05
135,Ody,Blenkharn,oblenkharn3q@craigslist.org,Male,Registered Nurse,$3510.12
136,Hale,Garwill,hgarwill3r@example.com,Male,Health Coach III,$18278.57
137,Kilian,Pipet,kpipet3s@seesaa.net,Male,Pharmacist,$14748.97
138,Shaun,Casone,,Female,Junior Executive,$12468.43
139,Rene,Skacel,rskacel3u@prnewswire.com,Female,Graphic Designer,$2499.22
140,Brade,Osipenko,bosipenko3v@github.io,Male,Quality Engineer,$2293.40
141,Katharine,Knill,,Female,Food Chemist,$6663.28
142,Ken,Antoniewski,kantoniewski3x@intel.com,Male,Assistant Manager,$15358.75
143,Jeanie,Duckhouse,jduckhouse3y@posterous.com,Female,Director of Sales,$13639.35
144,Ephrayim,Paolinelli,epaolinelli3z@weibo.com,Male,Teacher,$13186.65
145,Mario,Hains,mhains40@trellian.com,Male,Executive Secretary,$18507.15
146,Fax,Philipsson,fphilipsson41@drupal.org,Male,VP Product Management,$16971.55
147,Maximilian,Vizard,mvizard42@mozilla.com,Male,Clinical Specialist,$18310.71
148,Viva,Wadie,vwadie43@weather.com,Female,Teacher,$10866.56
149,Sileas,Byfford,sbyfford44@washingtonpost.com,Female,Cost Accountant,$10994.64
150,Taddeo,Gatesman,tgatesman45@eventbrite.com,Male,Sales Associate,$4535.55
151,Dierdre,Moiser,dmoiser46@tinypic.com,Female,VP Sales,$4671.78
152,Dorian,Yare,dyare47@macromedia.com,Genderqueer,Assistant Manager,$15779.93
153,Diarmid,Stanyan,dstanyan48@studiopress.com,Male,Programmer II,$3523.77
154,Ibrahim,Guirard,iguirard49@diigo.com,Male,Statistician III,$9068.67
155,Collette,Echlin,cechlin4a@zdnet.com,Agender,Chief Design Engineer,$5849.86
156,Hannis,Abramson,habramson4b@nyu.edu,Female,Human Resources Manager,$13050.82
157,Annalise,Mantrip,amantrip4c@spotify.com,Female,Accountant IV,$8418.69
158,Dino,Seaking,dseaking4d@seattletimes.com,Male,VP Accounting,$7879.66
159,Lammond,Spriggen,lspriggen4e@hexun.com,Male,Account Coordinator,$17060.42
160,Eldin,Dodgshun,edodgshun4f@businessweek.com,Genderfluid,Technical Writer,$13582.71
161,Zena,Goodridge,zgoodridge4g@ucsd.edu,Genderqueer,Compensation Analyst,$18389.65
162,Garv,Airth,gairth4h@hatena.ne.jp,Male,Senior Quality Engineer,$11883.58
163,Margarette,,mprate4i@skyrock.com,Female,Quality Control Specialist,$9028.15
164,Lotty,Van den Bosch,,Female,Information Systems Manager,$9313.44
165,Papageno,Capron,pcapron4k@fotki.com,Male,Account Representative II,$10894.07
166,Alexandra,O' Donohue,aodonohue4l@simplemachines.org,Female,Project Manager,$12308.52
167,Jacquelin,Pellatt,jpellatt4m@slate.com,Female,Compensation Analyst,$8421.12
168,Eugene,Rainger,erainger4n@behance.net,Male,Help Desk Operator,$7535.97
169,Merle,Teall,mteall4o@mail.ru,Male,Sales Associate,$13546.54
170,Nari,Ferrarotti,nferrarotti4p@deliciousdays.com,Female,VP Accounting,$16195.86
171,Aldis,Dinwoodie,adinwoodie4q@vkontakte.ru,Male,Junior Executive,$8940.41
172,Lamond,Whitsey,lwhitsey4r@ezinearticles.com,Male,Research Associate,$19021.27
173,Christie,Lightfoot,,Female,Administrative Assistant II,$1515.05
174,Barth,Castanyer,bcastanyer4t@weibo.com,Genderqueer,Assistant Professor,$17543.74
175,Gearalt,,gbartolomieu4u@sourceforge.net,Male,Human Resources Manager,$15963.60
176,Victoria,,,Female,Computer Systems Analyst II,$3204.65
177,Briant,Kerswill,bkerswill4w@dell.com,Male,Media Manager IV,$18408.86
178,Gaston,Donegan,gdonegan4x@free.fr,Male,Accountant I,$7652.22
179,Arman,Poxon,apoxon4y@huffingtonpost.com,Male,Staff Scientist,$10272.48
180,Ennis,Autie,,Genderqueer,Sales Associate,$15160.05
181,Moe,Veryan,mveryan50@hp.com,Male,Automation Specialist IV,$18350.39
182,Sonny,Hurn,shurn51@hp.com,Male,Senior Quality Engineer,$15634.12
183,Joann,Morgans,jmorgans52@free.fr,Female,Help Desk Technician,$10925.04
184,Sholom,Shilito,sshilito53@soup.io,Male,Community Outreach Specialist,$10225.07
185,Jere,,jragsdale54@ed.gov,Male,VP Quality Control,$16432.30
186,Rebe,Tacon,rtacon55@cmu.edu,Female,Help Desk Technician,$3624.71
187,Spense,McKenney,smckenney56@delicious.com,Polygender,Operator,$8503.65
188,Kriste,Sproson,ksproson57@reverbnation.com,Female,Help Desk Operator,$4947.22
189,Ruperta,Ioannidis,rioannidis58@ox.ac.uk,Female,Marketing Manager,$6456.84
190,Barbe,Scholler,bscholler59@wikipedia.org,Female,Internal Auditor,$12053.98
191,Onfroi,Arsnell,oarsnell5a@indiatimes.com,Male,Assistant Professor,$11824.79
192,Alejandro,,adarrigone5b@skype.com,Male,Account Executive,$14358.24
193,Cathrine,Barbrook,cbarbrook5c@berkeley.edu,Female,Biostatistician III,$10470.83
194,Corrine,Bamborough,cbamborough5d@telegraph.co.uk,Female,GIS Technical Architect,$7457.63
195,Conn,Simka,csimka5e@topsy.com,Male,Statistician III,$17257.18
196,Baily,Anscombe,banscombe5f@flavors.me,Male,Assistant Professor,$10699.96
197,Quinlan,Huxstep,qhuxstep5g@twitpic.com,Male,Social Worker,$1758.21
198,Saunder,Druce,sdruce5h@unc.edu,Male,Chemical Engineer,$9296.79
199,Charmane,Gomersal,cgomersal5i@cocolog-nifty.com,Female,Budget/Accounting Analyst IV,$2040.75
200,Wes,Gatcliff,wgatcliff5j@rakuten.co.jp,Male,Statistician III,$13052.41
201,Kristoforo,O'Calleran,kocalleran5k@pinterest.com,Male,Tax Accountant,$3428.40
202,Derrik,Blowfelde,dblowfelde5l@cafepress.com,Male,Database Administrator IV,$10971.38
203,Grange,Ortsmann,gortsmann5m@google.com,Male,Senior Quality Engineer,$3451.96
204,Beverlie,Bryant,,Female,Senior Financial Analyst,$18110.57
205,Halley,Akast,hakast5o@dot.gov,Female,Food Chemist,$14562.55
206,Paten,Cocklie,pcocklie5p@yale.edu,Male,Software Test Engineer III,$9559.25
207,Alfy,Graver,agraver5q@scientificamerican.com,Female,Engineer III,$18616.13
208,Sibbie,Ranking,sranking5r@sakura.ne.jp,Female,Safety Technician II,$18537.79
209,Raimund,Cayton,rcayton5s@usgs.gov,Male,Senior Cost Accountant,$10381.73
210,Melita,Girtin,mgirtin5t@va.gov,Female,Research Nurse,$6104.56
211,Donella,Pachta,dpachta5u@1und1.de,Female,Recruiter,$14975.82
212,Billy,Hastilow,bhastilow5v@dell.com,Male,Environmental Tech,$7339.83
213,Nerta,,nudie5w@java.com,Female,Clinical Specialist,$10399.16
214,Paloma,Tredwell,ptredwell5x@census.gov,Female,Marketing Manager,$11454.93
215,Fan,California,fcalifornia5y@hao123.com,Female,Developer II,$15555.56
216,Cointon,Waterhous,cwaterhous5z@admin.ch,Male,Marketing Manager,$8631.75
217,Guillema,Girling,ggirling60@amazon.de,Female,Paralegal,$17567.25
218,Caro,Davidovic,cdavidovic61@sphinn.com,Female,Structural Analysis Engineer,$3002.96
219,Othelia,Constantine,oconstantine62@naver.com,Genderqueer,Graphic Designer,$17586.04
220,Vaughn,Malley,vmalley63@desdev.cn,Polygender,Research Associate,$17184.43
221,Isaak,Tume,itume64@mail.ru,Male,VP Sales,$9567.71
222,Alexis,Hackleton,ahackleton65@123-reg.co.uk,Male,Media Manager III,$10856.22
223,Flemming,Tinton,ftinton66@domainmarket.com,Male,Assistant Manager,$5377.55
224,Imogen,Sivil,isivil67@fc2.com,Polygender,Design Engineer,$2830.43
225,Nedda,McMurthy,,Female,Help Desk Technician,$16033.95
226,Lee,Room,lroom69@howstuffworks.com,Female,Project Manager,$11169.61
227,Dario,Pethrick,dpethrick6a@hc360.com,Male,Junior Executive,$12305.38
228,Kirstyn,Eastway,keastway6b@phpbb.com,Female,Technical Writer,$10090.02
229,Farr,Zanini,fzanini6c@wufoo.com,Male,Human Resources Assistant I,$19045.89
230,Konstantin,,kwoollacott6d@pbs.org,Male,Dental Hygienist,$5399.69
231,Eudora,Enden,eenden6e@last.fm,Female,Sales Representative,$15148.68
232,Ariana,,ajurkiewicz6f@de.vu,Genderfluid,Computer Systems Analyst III,$15066.31
233,Darcee,Wellen,dwellen6g@tripod.com,Female,Accountant III,$9449.25
234,Munmro,,,Male,Paralegal,$3766.98
235,Frazer,Leggan,fleggan6i@behance.net,Male,VP Quality Control,$11833.11
236,Eziechiele,Hainey,ehainey6j@harvard.edu,Genderqueer,Software Test Engineer III,$8186.59
237,Benedikta,Mithon,,Female,Safety Technician IV,$17504.06
238,Darcee,Reay,dreay6l@yelp.com,Female,Account Representative IV,$8228.84
239,Stephen,Rosone,srosone6m@nasa.gov,Male,Compensation Analyst,$17665.11
240,Austin,Waszczyk,awaszczyk6n@t.co,Female,Legal Assistant,$8297.69
241,Irvin,Blenkinship,iblenkinship6o@businessweek.com,Male,Web Developer II,$8949.58
242,Willamina,Carlino,wcarlino6p@telegraph.co.uk,Female,Research Nurse,$1620.37
243,Louella,Amps,lamps6q@edublogs.org,Female,Nurse Practicioner,$4704.51
244,Kippy,Furzer,kfurzer6r@sourceforge.net,Male,Financial Analyst,$5395.18
245,Barnie,Leabeater,bleabeater6s@smugmug.com,Male,Programmer I,$6830.21
246,Hendrick,Heibel,hheibel6t@netscape.com,Male,Media Manager II,$9331.46
247,Wat,Glenn,wglenn6u@shareasale.com,Male,Web Designer IV,$11228.92
248,Maudie,Ashment,mashment6v@shutterfly.com,Female,Sales Associate,$16818.43
249,Darius,,,Male,Safety Technician II,$13528.86
250,Whit,Marrows,wmarrows6x@tripadvisor.com,Bigender,Budget/Accounting Analyst I,$17808.75
